title,link_url
벤츠 스마트 포투 쿠페,http://www.bobaedream.co.kr/mycar/mycar_view.php?no=1886517&gubun=I
기아 더 뉴 K7 3.0 LPi 럭셔리,http://www.bobaedream.co.kr/mycar/mycar_view.php?no=1953413&gubun=K
현대 뉴아반떼XD 1.5 VGT 골드 고급형,http://www.bobaedream.co.kr/mycar/mycar_view.php?no=1980795&gubun=K
벤츠 뉴 A200,http://www.bobaedream.co.kr/mycar/mycar_view.php?no=1976911&gubun=I
렉서스 ES 350 슈페리엄,http://www.bobaedream.co.kr/mycar/mycar_view.php?no=1929839&gubun=I
벤츠 뉴 E63 AMG 4매틱 플러스,http://www.bobaedream.co.kr/mycar/mycar_view.php?no=1960689&gubun=I
아우디 Q7 35 TDI 콰트로 다이내믹,http://www.bobaedream.co.kr/mycar/mycar_view.php?no=1963939&gubun=I
기아 모하비 KV300 4WD 최고급형,http://www.bobaedream.co.kr/mycar/mycar_view.php?no=1978607&gubun=K
현대 제네시스 쿠페 380 GT R,http://www.bobaedream.co.kr/mycar/mycar_view.php?no=1975981&gubun=K
현대 제네시스 쿠페 380 GT R,http://www.bobaedream.co.kr/mycar/mycar_view.php?no=1975980&gubun=K
현대 제네시스 쿠페 200 터보 R,http://www.bobaedream.co.kr/mycar/mycar_view.php?no=1981488&gubun=K
현대 제네시스 쿠페 200 터보 P,http://www.bobaedream.co.kr/mycar/mycar_view.php?no=1981487&gubun=K
BMW X5 M50d,http://www.bobaedream.co.kr/mycar/mycar_view.php?no=1911866&gubun=I
랜드로버 뉴 레인지로버 스포츠 3.0 SDV6 HSE 오토바이오그래피 다이나믹,http://www.bobaedream.co.kr/mycar/mycar_view.php?no=1958128&gubun=I
지프 랭글러 3.6 루비콘 4도어 레콘 에디션,http://www.bobaedream.co.kr/mycar/mycar_view.php?no=1981129&gubun=I
벤츠 GLC 220d 4매틱 쿠페 프리미엄,http://www.bobaedream.co.kr/mycar/mycar_view.php?no=1938524&gubun=I
포르쉐 911 카레라 S,http://www.bobaedream.co.kr/mycar/mycar_view.php?no=1929480&gubun=I
랜드로버 뉴 레인지로버 스포츠 3.0 SDV6 HSE 다이나믹,http://www.bobaedream.co.kr/mycar/mycar_view.php?no=1975105&gubun=I
현대 포터Ⅱ 초장축 더블캡 CRDi  기본형,http://www.bobaedream.co.kr/mycar/mycar_view.php?no=1978070&gubun=K
현대 포터Ⅱ 초장축 더블캡 CRDi  기본형,http://www.bobaedream.co.kr/mycar/mycar_view.php?no=1978068&gubun=K
