[
{"title": "반도", "count": "2,934,611명", "score": "7.45"},
{"title": "세인트 주디", "count": "0명", "score": ""},
{"title": "시티 오브 갓", "count": "0명", "score": "10.0"},
{"title": "1942: 언노운 배틀", "count": "0명", "score": ""},
{"title": "존 윅", "count": "0명", "score": "7.58"},
{"title": "다크 나이트", "count": "0명", "score": "9.61"},
{"title": "카페 벨에포크", "count": "0명", "score": "8.95"},
{"title": "미션", "count": "0명", "score": "9.11"},
{"title": "트로이", "count": "0명", "score": "9.39"},
{"title": "프리즈너", "count": "0명", "score": ""},
{"title": "트랜짓", "count": "0명", "score": "8.60"},
{"title": "결백", "count": "0명", "score": "8.56"},
{"title": "너와 파도를 탈 수 있다면", "count": "0명", "score": "8.67"},
{"title": "피아니스트의 전설", "count": "0명", "score": "9.23"},
{"title": "타오르는 여인의 초상", "count": "0명", "score": "9.15"},
{"title": "패왕별희 디 오리지널", "count": "0명", "score": "9.65"},
{"title": "플라이", "count": "0명", "score": ""},
{"title": "죽도 서핑 다이어리", "count": "0명", "score": ""},
{"title": "캐리", "count": "0명", "score": "8.00"},
{"title": "아들", "count": "0명", "score": "9.67"},
{"title": "조디악", "count": "0명", "score": "8.89"},
{"title": "에이리언 2", "count": "0명", "score": ""},
{"title": "내친구아내", "count": "0명", "score": ""},
{"title": "미져리", "count": "0명", "score": ""},
{"title": "뮤지컬 쉬 러브즈 미", "count": "0명", "score": "9.13"},
{"title": "미스 사이공: 25주년 특별 공연", "count": "0명", "score": "9.36"},
{"title": "피나", "count": "0명", "score": "9.00"},
{"title": "현기증", "count": "0명", "score": "8.16"},
{"title": "프랑스여자", "count": "0명", "score": "7.86"},
{"title": "파리 오페라 발레단", "count": "0명", "score": "10.0"},
{"title": "창은", "count": "0명", "score": ""},
{"title": "파도를 걷는 소년", "count": "0명", "score": "7.38"},
{"title": "파밍 보이즈", "count": "0명", "score": "9.15"},
{"title": "징기스칸", "count": "0명", "score": ""},
{"title": "초미의 관심사", "count": "0명", "score": "9.24"},
{"title": "이태원", "count": "0명", "score": "9.10"},
{"title": "제네시스: 세상의 소금", "count": "0명", "score": "9.06"},
{"title": "이 세상 끝까지", "count": "0명", "score": ""},
{"title": "엘머 갠트리", "count": "0명", "score": ""},
{"title": "쉘부르의 우산", "count": "0명", "score": "8.70"},
{"title": "샤인", "count": "0명", "score": "9.13"},
{"title": "몽상가들", "count": "0명", "score": "8.69"},
{"title": "성혜의 나라", "count": "0명", "score": "8.55"},
{"title": "래미의 드래곤월드 구출작전", "count": "0명", "score": ""},
{"title": "물의 기억", "count": "0명", "score": "10.0"},
{"title": "돈 컴 노킹", "count": "0명", "score": ""},
{"title": "로마 위드 러브", "count": "0명", "score": "8.00"},
{"title": "더 블루스 - 소울 오브 맨", "count": "0명", "score": ""},
{"title": "나의 노래는 멀리멀리", "count": "0명", "score": "8.86"},
{"title": "구름 저편에", "count": "0명", "score": ""},
{"title": "프리저베이션 홀 재즈밴드", "count": "0명", "score": ""},
{"title": "가시꽃", "count": "0명", "score": ""},
{"title": "파리 텍사스", "count": "0명", "score": "8.25"},
{"title": "인베이젼 2020", "count": "0명", "score": "6.63"},
{"title": "고양이 집사", "count": "0명", "score": "10.0"},
{"title": "산티아고의 흰 지팡이", "count": "0명", "score": "7.75"},
{"title": "바다로 가자", "count": "0명", "score": ""},
{"title": "기억의 전쟁", "count": "0명", "score": "8.80"},
{"title": "밤의 문이 열린다", "count": "0명", "score": "7.88"},
{"title": "가버나움", "count": "0명", "score": "9.54"},
{"title": "보희와 녹양", "count": "0명", "score": "9.10"},
{"title": "백년의 기억", "count": "0명", "score": ""},
{"title": "바람의 언덕", "count": "0명", "score": "9.17"},
{"title": "소공녀", "count": "0명", "score": "9.20"},
{"title": "테우리", "count": "0명", "score": "10.0"},
{"title": "들리나요?", "count": "0명", "score": "9.80"},
{"title": "언노운 걸", "count": "0명", "score": "8.18"},
{"title": "베를린 천사의 시", "count": "0명", "score": "8.57"},
{"title": "베스트 오퍼", "count": "0명", "score": "8.57"},
{"title": "나는보리", "count": "0명", "score": "9.27"},
{"title": "부력", "count": "0명", "score": "8.25"},
{"title": "몽마르트 파파", "count": "0명", "score": "9.24"},
{"title": "더 차일드", "count": "0명", "score": ""},
{"title": "비행", "count": "0명", "score": "9.75"},
{"title": "로제타", "count": "0명", "score": "8.86"},
{"title": "부에나 비스타 소셜 클럽", "count": "0명", "score": "8.79"},
{"title": "미스비헤이비어", "count": "0명", "score": "9.37"},
{"title": "아무튼, 아담", "count": "0명", "score": "8.00"},
{"title": "16세의 사운드트랙", "count": "0명", "score": "9.00"},
{"title": "울지마 톤즈 2 : 슈크란 바바", "count": "0명", "score": "9.54"},
{"title": "안녕, 미누", "count": "0명", "score": "8.00"},
{"title": "내일을 위한 시간", "count": "0명", "score": "8.69"},
{"title": "팡파레", "count": "0명", "score": "8.80"},
{"title": "우리들", "count": "0명", "score": "9.21"},
{"title": "불량한 가족", "count": "0명", "score": "8.38"},
{"title": "국도극장", "count": "0명", "score": "8.89"},
{"title": "레이니 데이 인 뉴욕", "count": "0명", "score": "5.81"},
{"title": "욕창", "count": "0명", "score": "9.20"},
{"title": "호우시절", "count": "0명", "score": ""},
{"title": "아이 캔 온리 이매진", "count": "0명", "score": "9.22"},
{"title": "울프 콜", "count": "0명", "score": "8.71"},
{"title": "이장", "count": "0명", "score": "8.93"},
{"title": "다가오는 것들", "count": "0명", "score": "8.42"},
{"title": "벌새", "count": "0명", "score": "8.97"},
{"title": "모든 것을 벗어던진 특별한 여행", "count": "0명", "score": ""},
{"title": "쓰루 더 파이어", "count": "0명", "score": "10.0"},
{"title": "찬실이는 복도 많지", "count": "0명", "score": "9.18"},
{"title": "킹 오브 프리즘 올 스타즈 -프리즘 쇼☆베스트10-", "count": "0명", "score": "10.0"},
{"title": "인비저블 라이프", "count": "0명", "score": "8.92"},
{"title": "그레텔과 헨젤", "count": "0명", "score": "4.75"},
{"title": "시라이", "count": "0명", "score": "4.00"},
{"title": "환상의 마로나", "count": "0명", "score": "8.68"},
{"title": "톰보이", "count": "0명", "score": "8.96"},
{"title": "광주비디오: 사라진 4시간", "count": "0명", "score": "9.00"},
{"title": "헤이트풀8", "count": "0명", "score": "8.79"},
{"title": "전망 좋은 방", "count": "0명", "score": "7.83"},
{"title": "스타 이즈 본", "count": "0명", "score": "9.15"},
{"title": "우리집 똥멍청이", "count": "0명", "score": "10.0"},
{"title": "야구소녀", "count": "0명", "score": "9.35"},
{"title": "라라랜드", "count": "0명", "score": "8.91"},
{"title": "시네마 천국", "count": "0명", "score": "9.48"},
{"title": "에이브의 쿠킹 다이어리", "count": "0명", "score": "8.00"},
{"title": "부활", "count": "0명", "score": ""},
{"title": "빅샤크3: 젤리몬스터 대소동", "count": "0명", "score": ""},
{"title": "소리꾼", "count": "0명", "score": "8.63"},
{"title": "아디오스", "count": "0명", "score": "3.00"},
{"title": "지저귀는 새는 날지 않는다", "count": "0명", "score": "9.05"},
{"title": "원 데이", "count": "0명", "score": "8.65"},
{"title": "비바리움", "count": "0명", "score": "5.00"},
{"title": "고 피쉬!", "count": "0명", "score": ""},
{"title": "에베레스트", "count": "0명", "score": "9.78"},
{"title": "위대한 쇼맨", "count": "0명", "score": "9.31"},
{"title": "소년시절의 너", "count": "48,380명", "score": "9.22"},
{"title": "마티아스와 막심", "count": "0명", "score": "7.75"},
{"title": "파리의 인어", "count": "0명", "score": "3.00"},
{"title": "슈퍼 레이스", "count": "6,503명", "score": "8.00"},
{"title": "온워드: 단 하루의 기적", "count": "402,503명", "score": "9.15"},
{"title": "#살아있다", "count": "1,891,031명", "score": "7.19"},
{"title": "블루 아워", "count": "18,009명", "score": "8.21"},
{"title": "밤쉘: 세상을 바꾼 폭탄선언", "count": "166,103명", "score": "8.40"},
{"title": "팬데믹", "count": "18,581명", "score": "7.72"},
{"title": "강철비2: 정상회담", "count": "3,728명", "score": ""},
{"title": "알라딘", "count": "12,624,998명", "score": "9.42"}
]