[
{"rank": 1, "site_name": "Google.com", "daily_time": "14:30", "daily_page_view": "16.11"},
{"rank": 2, "site_name": "Youtube.com", "daily_time": "14:49", "daily_page_view": "8.20"},
{"rank": 3, "site_name": "Tmall.com", "daily_time": "6:55", "daily_page_view": "2.92"},
{"rank": 4, "site_name": "Baidu.com", "daily_time": "9:04", "daily_page_view": "4.44"},
{"rank": 5, "site_name": "Qq.com", "daily_time": "3:41", "daily_page_view": "4.00"},
{"rank": 6, "site_name": "Facebook.com", "daily_time": "18:53", "daily_page_view": "8.41"},
{"rank": 7, "site_name": "Sohu.com", "daily_time": "3:43", "daily_page_view": "4.67"},
{"rank": 8, "site_name": "Login.tmall.com", "daily_time": "5:07", "daily_page_view": "1.00"},
{"rank": 9, "site_name": "Taobao.com", "daily_time": "4:36", "daily_page_view": "3.58"},
{"rank": 10, "site_name": "360.cn", "daily_time": "3:15", "daily_page_view": "4.05"},
{"rank": 11, "site_name": "Yahoo.com", "daily_time": "4:41", "daily_page_view": "4.47"},
{"rank": 12, "site_name": "Amazon.com", "daily_time": "9:37", "daily_page_view": "8.73"},
{"rank": 13, "site_name": "Jd.com", "daily_time": "3:31", "daily_page_view": "4.44"},
{"rank": 14, "site_name": "Wikipedia.org", "daily_time": "3:57", "daily_page_view": "3.05"},
{"rank": 15, "site_name": "Sina.com.cn", "daily_time": "2:54", "daily_page_view": "3.51"},
{"rank": 16, "site_name": "Pages.tmall.com", "daily_time": "1:16", "daily_page_view": "1.49"},
{"rank": 17, "site_name": "Weibo.com", "daily_time": "2:60", "daily_page_view": "3.65"},
{"rank": 18, "site_name": "Reddit.com", "daily_time": "5:42", "daily_page_view": "4.40"},
{"rank": 19, "site_name": "Live.com", "daily_time": "5:06", "daily_page_view": "5.32"},
{"rank": 20, "site_name": "Zoom.us", "daily_time": "7:47", "daily_page_view": "3.68"},
{"rank": 21, "site_name": "Netflix.com", "daily_time": "3:58", "daily_page_view": "3.09"},
{"rank": 22, "site_name": "Xinhuanet.com", "daily_time": "2:48", "daily_page_view": "5.35"},
{"rank": 23, "site_name": "Okezone.com", "daily_time": "4:13", "daily_page_view": "4.28"},
{"rank": 24, "site_name": "Microsoft.com", "daily_time": "4:01", "daily_page_view": "3.18"},
{"rank": 25, "site_name": "Vk.com", "daily_time": "7:53", "daily_page_view": "3.98"},
{"rank": 26, "site_name": "Instagram.com", "daily_time": "8:44", "daily_page_view": "9.29"},
{"rank": 27, "site_name": "Office.com", "daily_time": "8:46", "daily_page_view": "7.97"},
{"rank": 28, "site_name": "Myshopify.com", "daily_time": "22:33", "daily_page_view": "15.23"},
{"rank": 29, "site_name": "Alipay.com", "daily_time": "2:50", "daily_page_view": "3.17"},
{"rank": 30, "site_name": "Csdn.net", "daily_time": "3:24", "daily_page_view": "4.98"}
]