[
{"title": "Your Price Intelligence Questions Answered"},
{"title": "Data Center Proxies vs. Residential Proxies"},
{"title": "How to Get High Success Rates With Proxies: 3 Steps to Scale Up"},
{"title": "Job Postings API: Stable release"},
{"title": "Web Scraping Basics: A Developer\u2019s Guide To Reliably Extract Data"},
{"title": "Extracting Article & News Data: The Importance of Data Quality"},
{"title": "Price Gouging or Economics at Work: Price Intelligence to Track Consumer Sentiment"},
{"title": "A Practical Guide to Web Data QA Part III: Holistic Data Validation Techniques"},
{"title": "Product Reviews API (Beta): Extract Product Reviews at Scale"},
{"title": "Custom crawling & News API: designing a web scraping solution"}
]