{"item_name": "\ub2e5\ud130\ud0a4\ud1a0 \ubc29\ud0c4\ucee4\ud53c, 13g, 10\uac1c", "item_link": "/vp/products/1241557672?itemId=2237288889&vendorItemId=70234797389&sourceType=srp_product_ads", "item_price": "15,500"}
{"item_name": "\ub9e5\uc2ec \ubaa8\uce74\uace8\ub4dc \ub9c8\uc77c\ub4dc \ucee4\ud53c\ubbf9\uc2a4, 12g, 160\uac1c", "item_link": "/vp/products/6683338?itemId=401944&vendorItemId=71030128009", "item_price": "16,560"}
{"item_name": "\uc2a4\ud0c0\ubc85\uc2a4 \ub300\uc6a9\ub7c9 \uce74\ud398 \ub77c\ub5bc, 270ml, 10\uac1c", "item_link": "/vp/products/222491219?itemId=697494678&vendorItemId=4781550652", "item_price": "16,440"}
{"item_name": "\uacf0\uacf0 \uc4f0\uc9c0\uc54a\uace0 \ubd80\ub4dc\ub7ec\uc6b4 \uc544\uba54\ub9ac\uce74\ub178 \ub2e4\ud06c\ub85c\uc2a4\ud2b8, 1g, 100\uac1c\uc785", "item_link": "/vp/products/186389921?itemId=532901881&vendorItemId=4388707114&pickType=COU_PICK", "item_price": "9,720"}
{"item_name": "\uc790\uc720\ub2e4\ubc29 \ud574\ubc29\ucee4\ud53c, 2g, 10\uac1c", "item_link": "/vp/products/1261842140?itemId=2263012498&vendorItemId=70260277083&sourceType=srp_product_ads", "item_price": "12,900"}
{"item_name": "\ub9c8\uc774\ub178\uba40\ud478\ub4dc \ub9c8\uc774\ub178\uba40 \ubc84\ud130\ucee4\ud53c, 230ml, 24\uac1c", "item_link": "/vp/products/226340360?itemId=768744833&vendorItemId=4940851752&sourceType=srp_product_ads", "item_price": "53,780"}
{"item_name": "G7 \ube14\ub799 \ud4e8\uc5b4\ube14\ub799 \uc778\uc2a4\ud134\ud2b8\ucee4\ud53c, 2g, 100\uac1c", "item_link": "/vp/products/13577631?itemId=56661035&vendorItemId=3007019731", "item_price": "7,430"}
{"item_name": "\uacf0\uacf0 \ud5e4\uc774\uc990\ub11b\uc544\uba54\ub9ac\uce74\ub178 \uc6d0\ub450\ucee4\ud53c\ubbf9\uc2a4, 1g, 100\uac1c\uc785", "item_link": "/vp/products/1111686093?itemId=2075095532&vendorItemId=70074216188", "item_price": "9,170"}
{"item_name": "\ubc14\ub0a0\ub77c \ubc29\ud0c4\ucee4\ud53c 2\ub2e8\uacc4, 12g, 7\uac1c", "item_link": "/vp/products/260413112?itemId=814720219&vendorItemId=5072994853&sourceType=srp_product_ads", "item_price": "9,900"}
{"item_name": "\ub9e5\uc2ec \ud654\uc774\ud2b8 \uace8\ub4dc \ucee4\ud53c\ubbf9\uc2a4, 11.7g, 160\uac1c", "item_link": "/vp/products/1786711232?itemId=3042075337&vendorItemId=71030128057", "item_price": "15,880"}
{"item_name": "\uc544\uce74\ud398\ub77c \ubc14\ub2d0\ub77c\ub77c\ub5bc, 240ml, 20\uac1c", "item_link": "/vp/products/1301524802?itemId=2315369893&vendorItemId=70312101164", "item_price": "13,020"}
{"item_name": "\ube44\ub2c8\uc2a4\ud2b8 \uc624\ub9ac\uc9c0\ub110 \uc544\uba54\ub9ac\uce74\ub178 \uc6d0\ub450\ucee4\ud53c\ubbf9\uc2a4, 1g, 130\uac1c", "item_link": "/vp/products/982252?itemId=391833&vendorItemId=3000300361", "item_price": "16,240"}
{"item_name": "\uce74\ub204 \ubbf8\ub2c8 \ub9c8\uc77c\ub4dc \ub85c\uc2a4\ud2b8 \uc544\uba54\ub9ac\uce74\ub178, 0.9g, 90\uac1c", "item_link": "/vp/products/179792576?itemId=514871878&vendorItemId=4326010075", "item_price": "14,010"}
{"item_name": "\uacf0\uacf0 \ub2ec\uc9c0\uc54a\uc740 \uce74\ud398\ub77c\ub5bc \uc2dc\uadf8\ub2c8\ucc98, 15g, 50\uac1c\uc785", "item_link": "/vp/products/1111686111?itemId=2075095549&vendorItemId=70074216195", "item_price": "9,780"}
{"item_name": "\ud504\ub80c\uce58\uce74\ud398 \uce74\ud398\uc624\ub808, 200ml, 10\uac1c", "item_link": "/vp/products/88929442?itemId=278017749&vendorItemId=3675570678", "item_price": "7,860"}
{"item_name": "\uc7c8\ub385 \uc2dc\uadf8\ub2c8\ucc98 \ub85c\uc584 \ud5e4\uc774\uc990\ub11b \ucee4\ud53c\uc74c\ub8cc, 1.1L, 6\uac1c", "item_link": "/vp/products/222174821?itemId=695657695&vendorItemId=4778260987", "item_price": "12,290"}
{"item_name": "\ud504\ub80c\uce58\uce74\ud398 \ub85c\uc2a4\ud130\ub9ac \uc610\ub85c\uc6b0 \ubc84\ubc88 \ub3cc\uccb4 \ub77c\ub5bc, 250ml, 10\uac1c", "item_link": "/vp/products/49857683?itemId=175923412&vendorItemId=3420650781", "item_price": "9,110"}
{"item_name": "\ud504\ub80c\uce58\uce74\ud398 \uce74\ud398\ubbf9\uc2a4, 10.9g, 100\uac1c", "item_link": "/vp/products/2758504?itemId=60071&vendorItemId=3000025309", "item_price": "8,140"}
{"item_name": "\ud504\ub80c\uce58\uce74\ud398 \uce74\ud398\ubbf9\uc2a4, 10.9g, 210\uac1c", "item_link": "/vp/products/175304810?itemId=501122702&vendorItemId=4278242265", "item_price": "15,590"}
{"item_name": "\ub124\uc2a4\uce74\ud398 \uc218\ud504\ub9ac\ubaa8 \ub9ac\ud544 \ucee4\ud53c, 1\uac1c", "item_link": "/vp/products/237893988?itemId=753636469&vendorItemId=3000249420", "item_price": "5,490"}
{"item_name": "\uc7c8\ub385 \ub85c\uc584 \ud5e4\uc774\uc990\ub11b \ucf5c\ub86c\ube44\uc544 \uc218\ud504\ub9ac\ubaa8 \ucee4\ud53c, 1g, 100\uac1c", "item_link": "/vp/products/189263141?itemId=40080626&vendorItemId=3063641674", "item_price": "9,760"}
{"item_name": "\ub9e4\uc77c\uc720\uc5c5 \ubc14\ub9ac\uc2a4\ud0c0\ub8f0\uc2a4 \uc2f1\uae00\uc624\ub9ac\uc9c4 \ucf54\uc2a4\ud0c0\ub9ac\uce74 \ucee4\ud53c, 330ml, 12\uac1c", "item_link": "/vp/products/284752870?itemId=903706392&vendorItemId=5264393181", "item_price": "11,800"}
{"item_name": "\ub9e5\uc2ec \ubaa8\uce74\uace8\ub4dc \ub9c8\uc77c\ub4dc \ucee4\ud53c\ubbf9\uc2a4 12g x 320p + \ud654\uc774\ud2b8\uace8\ub4dc \ucee4\ud53c\ubbf9\uc2a4 11.7g x 20p, 1\uc138\ud2b8", "item_link": "/vp/products/189670272?itemId=541762067&vendorItemId=4417396947", "item_price": "36,200"}
{"item_name": "\ud578\ub514\uc5c4 \ub0c9\uc7a5 \ucf5c\ub4dc\ube0c\ub8e8 \ucee4\ud53c\uc6d0\uc561 \ucf00\ub0d0, 500ml, 1\uac1c", "item_link": "/vp/products/129241611?itemId=380700347&vendorItemId=3922488619", "item_price": "9,710"}
{"item_name": "\ucee4\ud53c\uac00 \uc0dd\uac01\ub0a0\ub550 \uc2dc\ubc14 \uc544\uba54\ub9ac\uce74\ub178, 350ml, 8\ubcd1", "item_link": "/vp/products/1384158659?itemId=2418851396&vendorItemId=70413056523", "item_price": "8,910"}
{"item_name": "\ub808\uc4f0\ube44 \ub9c8\uc77c\ub4dc \ucee4\ud53c, 160ml, 30\uac1c\uc785", "item_link": "/vp/products/2731387?itemId=159706690&vendorItemId=3375395073", "item_price": "9,050"}
{"item_name": "\ub9e5\uc2ec TOP \ud2b8\ub9ac\ud50c \uc5d0\uc2a4\ud504\ub808\uc18c \ub77c\ub5bc, 300ml, 10\uac1c", "item_link": "/vp/products/1238155974?itemId=2233667504&vendorItemId=70231094572", "item_price": "11,910"}
{"item_name": "\ub9e5\uc2ec \uc544\uc774\uc2a4 \ucee4\ud53c\ubbf9\uc2a4 + \ucd94\uac00\uad6c\uc131 \ub79c\ub364 \ubc1c\uc1a1, 13g, 100\uac1c", "item_link": "/vp/products/24229729?itemId=94361183&vendorItemId=4533691688", "item_price": "16,440"}
{"item_name": "\ud0d0\uc564\ud0d0\uc2a4 \uc5d0\ud2f0\uc624\ud53c\uc544 \uc608\uac00\uccb4\ud504 \ub4dc\ub9bd\ucee4\ud53c, 8g, 36\uac1c", "item_link": "/vp/products/2334746?itemId=10734062&vendorItemId=3000700468", "item_price": "14,130"}
{"item_name": "\ube59\uadf8\ub808 \uc624\ub298\uc758 \ucee4\ud53c \ubc14\ub2d0\ub77c\ub77c\ub5bc, 250ml, 10\uac1c", "item_link": "/vp/products/1164406055?itemId=2141504421&vendorItemId=70139879649", "item_price": "7,470"}
{"item_name": "\ube44\ub2c8\uc2a4\ud2b8 \uc624\ub9ac\uc9c0\ub110 \uc544\uba54\ub9ac\uce74\ub178 \uc6d0\ub450\ucee4\ud53c\ubbf9\uc2a4, 1g, 180\uac1c", "item_link": "/vp/products/324633197?itemId=930780&vendorItemId=3000841963", "item_price": "19,960"}
{"item_name": "\uc544\uce74\ud398\ub77c \uce74\ud398\ub77c\ub5bc, 240ml, 20\uac1c", "item_link": "/vp/products/1301524764?itemId=2315369851&vendorItemId=70312101134", "item_price": "13,360"}
{"item_name": "\ubc14\ub9ac\uc2a4\ud0c0\ub8f0\uc2a4 \ub9c8\ub2e4\uac00\uc2a4\uce74\ub974 \ubc14\ub2d0\ub77c\ube48 \ub77c\ub5bc, 325ml, 10\uac1c", "item_link": "/vp/products/298260384?itemId=939204639&vendorItemId=5324387729", "item_price": "14,470"}
{"item_name": "\ub9e5\uc2ec \ubaa8\uce74\uace8\ub4dc \ucee4\ud53c\ubbf9\uc2a4 210\ud2f0\ubc31, 12g, 210\uc2a4\ud2f1", "item_link": "/vp/products/1956119?itemId=852960&vendorItemId=70964945138", "item_price": "22,000"}
{"item_name": "\ub124\uc2a4\uce74\ud398 \uc2e0\uc120\ud55c \ubaa8\uce74 \ucee4\ud53c\ubbf9\uc2a4, 11.7g, 110\uac1c\uc785", "item_link": "/vp/products/3369230?itemId=5695408&vendorItemId=3009624111", "item_price": "8,500"}
{"item_name": "\ub9e5\uc2ec \ud2f0\uc624\ud53c \ub9c8\uc2a4\ud130 \ub77c\ub5bc, 275ml, 24\uac1c", "item_link": "/vp/products/1570286560?itemId=2685169253&vendorItemId=70675659338", "item_price": "20,160"}
{"item_name": "\ub124\uc2a4\uce74\ud398 \ud06c\ub808\ub9c8 \uc544\uba54\ub9ac\uce74\ub178, 1g, 130\uac1c\uc785", "item_link": "/vp/products/189677741?itemId=142587774&vendorItemId=3000249396", "item_price": "12,850"}
{"item_name": "\ub124\uc2a4\uce74\ud398 \uc218\ud504\ub9ac\ubaa8 \uc624\ub9ac\uc9c0\ub0a0, 11.7g, 110\uac1c", "item_link": "/vp/products/2530221?itemId=665929912&vendorItemId=4721472206", "item_price": "9,800"}
{"item_name": "\uc7c8\ub385 \uc2dc\uadf8\ub2c8\uccd0 \ub85c\uc584 \ud5e4\uc774\uc990\ub11b, 230ml, 10\uac1c\uc785", "item_link": "/vp/products/71854216?itemId=239547420&vendorItemId=3589848699", "item_price": "5,310"}
{"item_name": "\uc7c8\ub385 \uc2dc\uadf8\ub2c8\ucc98 \uc544\uba54\ub9ac\uce74\ub178 \ube14\ub799, 1.1L, 6\uac1c\uc785", "item_link": "/vp/products/98392669?itemId=301837005&vendorItemId=4413516435", "item_price": "12,830"}
{"item_name": "\ucee4\ud53c\ube48 \ud5e4\uc774\uc990\ub11b \ub77c\ub5bc \ud30c\uc6b0\uce58 \ucee4\ud53c, 190ml, 10\uac1c", "item_link": "/vp/products/1609853390?itemId=2749395743&vendorItemId=70739361461", "item_price": "13,350"}
{"item_name": "\ud3f4\ubc14\uc14b \ucf5c\ub4dc\ube0c\ub8e8 \uc2dc\uadf8\ub2c8\ucc98\ube14\ub80c\ub4dc, 450ml, 1\uac1c", "item_link": "/vp/products/1142407745?itemId=2113764192&vendorItemId=70112411824", "item_price": "13,630"}
{"item_name": "\ub9e5\uc2ec \ud2f0\uc624\ud53c \uc2ec\ud50c\ub9ac \uc2a4\ubb34\uc2a4 \ub77c\ub5bc, 240ml, 20\uac1c\uc785", "item_link": "/vp/products/32538272?itemId=122627897&vendorItemId=3248895685", "item_price": "15,370"}
{"item_name": "\ub9e5\uc2ec \ubaa8\uce74\uace8\ub4dc400T \uc77c\ubc18\ucee4\ud53c\ubbf9\uc2a4, 4800g, 1\uac1c", "item_link": "/vp/products/327144779?itemId=1046774254&vendorItemId=70426044303", "item_price": "11,800"}
{"item_name": "\ud504\ub80c\uce58\uce74\ud398 \ubca8\ubcb3 \ube44\uc5d4\ub098 \ubaa8\uce74 \ucef5\ucee4\ud53c, 200ml, 10\uac1c", "item_link": "/vp/products/88929409?itemId=278017710&vendorItemId=3675570512", "item_price": "7,800"}
{"item_name": "\uacf0\uacf0 \uc4f0\uc9c0\uc54a\uace0 \ubd80\ub4dc\ub7ec\uc6b4 \uc544\uba54\ub9ac\uce74\ub178 \ub2e4\ud06c\ub85c\uc2a4\ud2b8, 1g, 180\uac1c\uc785", "item_link": "/vp/products/186389921?itemId=537419975&vendorItemId=4403328638", "item_price": "14,020"}
{"item_name": "G7 \ube14\ub799 \ucee4\ud53c \ubbf9\uc2a4, 400g, 1\uac1c", "item_link": "/vp/products/61181709?itemId=209782943&vendorItemId=3497393821", "item_price": "12,980"}
{"item_name": "\ub9e5\uc2ec \ud654\uc774\ud2b8\uace8\ub4dc \ucee4\ud53c\ubbf9\uc2a4 11.7g x 320p + \ubaa8\uce74\uace8\ub4dc \ub9c8\uc77c\ub4dc \ucee4\ud53c\ubbf9\uc2a4 12g x 20p, 1\uc138\ud2b8", "item_link": "/vp/products/189670271?itemId=541762066&vendorItemId=4417396945", "item_price": "33,900"}
{"item_name": "\ub124\uc2a4\uce74\ud398 \ub9c8\uc77c\ub4dc \ucee4\ud53c\ubbf9\uc2a4, 11g, 180\uac1c", "item_link": "/vp/products/2311228?itemId=1043455&vendorItemId=3001027675", "item_price": "13,950"}
{"item_name": "\uc544\uce74\ud398\ub77c \uce74\ub77c\uba5c\ub9c8\ub07c\uc544\ub610, 240ml, 20\uac1c", "item_link": "/vp/products/1301524755?itemId=2315369843&vendorItemId=70312101119", "item_price": "14,190"}
{"item_name": "\uce74\ud398\ubca0\ub124 \ucef5 \ucee4\ud53c \uce74\ud398\ub77c\ub5bc10\ucef5+\uce74\ud398\ubaa8\uce7410\ucef5, 20\uac1c, 200ml", "item_link": "/vp/products/1218187234?itemId=2208337505&vendorItemId=70440976248", "item_price": "13,800"}
{"item_name": "\uce74\ub204 \uc2a4\ud504\ub9c1 \ube14\ub80c\ub4dc \uc544\uba54\ub9ac\uce74\ub178, \uc544\uba54\ub9ac\uce74\ub178 0.9g 100p + \uc2a4\ud150\ucef5 \ub79c\ub364\ubc1c\uc1a1, 1\uc138\ud2b8", "item_link": "/vp/products/71628020?itemId=238868201&vendorItemId=3588196191", "item_price": "19,300"}
{"item_name": "\uc544\uce74\ud398\ub77c \uc0ac\uc774\uc988\uc5c5 \uce74\ud398\ub77c\ub5bc, 350ml, 4\uac1c", "item_link": "/vp/products/129241330?itemId=380699773&vendorItemId=3922486514", "item_price": "4,610"}
{"item_name": "\ub9ac\ud2c0\uc2a4 \uc2a4\uc704\uc2a4\ucd08\ucf5c\ub9bf\ud5a5 \ucee4\ud53c, 50g, 1\uac1c", "item_link": "/vp/products/3540497?itemId=16843448&vendorItemId=3025120220", "item_price": "8,900"}
{"item_name": "\uc7c8\ub385 \uae4c\ud398\ubaa8\ub9ac \ud504\ub80c\uce58\ubc14\ub2d0\ub77c \ub77c\ub5bc \ucee4\ud53c\ubbf9\uc2a4, 12g, 60\uac1c", "item_link": "/vp/products/2283870?itemId=106641&vendorItemId=3000052495", "item_price": "9,050"}
{"item_name": "\uce78\ud0c0\ud0c0 \ucf58\ud2b8\ub77c\ubca0\uc774\uc2a4 \ucf5c\ub4dc\ube0c\ub8e8 \uc2a4\uc704\ud2b8\ube14\ub799, 500ml, 24\uac1c", "item_link": "/vp/products/1152620843?itemId=2127385196&vendorItemId=70125948538", "item_price": "25,230"}
{"item_name": "\uc544\uce74\ud398\ub77c \uc2a4\ud398\uc15c\ud2f0 \uc5d0\ud2f0\uc624\ud53c\uc544 \uc608\uac00\uccb4\ud504 \ucee4\ud53c\uc74c\ub8cc, 460ml, 4\uac1c\uc785", "item_link": "/vp/products/1516124930?itemId=2602020948&vendorItemId=70593179671", "item_price": "7,860"}
{"item_name": "\ud22c\uc378\ud50c\ub808\uc774\uc2a4 \uc2a4\ud2f1 \ucee4\ud53c \ub2e4\ud06c \ube14\ub80c\ub4dc, 1.1g, 150\uac1c", "item_link": "/vp/products/200988433?itemId=161014778&vendorItemId=3379367457", "item_price": "21,500"}
{"item_name": "\ub9e5\uc2ec \ubaa8\uce74\uace8\ub4dc \ub9c8\uc77c\ub4dc \ucee4\ud53c\ubbf9\uc2a4 220T (210T+10T), 12g, 220\uac1c", "item_link": "/vp/products/1076965455?itemId=2027583448&vendorItemId=4678396234", "item_price": "24,300"}
{"item_name": "\ub9e5\uc2ec \ud2f0\uc624\ud53c \ub354 \ube14\ub799, 275ml, 24\uac1c", "item_link": "/vp/products/6916421?itemId=2685169112&vendorItemId=70675659152", "item_price": "20,500"}
{"item_name": "\ub9e5\uc2ec \ubaa8\uce74\uace8\ub4dc \ub9c8\uc77c\ub4dc \ucee4\ud53c\ubbf9\uc2a4, 12g, 100\uac1c\uc785", "item_link": "/vp/products/19085946?itemId=76606549&vendorItemId=4743581988", "item_price": "13,400"}
{"item_name": "G7 3in1 \ucee4\ud53c\ubbf9\uc2a4, 16g, 100\uac1c", "item_link": "/vp/products/19275072?itemId=203928197&vendorItemId=3000047728", "item_price": "11,330"}
{"item_name": "\ube59\uadf8\ub808 \uc624\ub298\uc758 \ucee4\ud53c \uce74\ud398\ub77c\ub5bc, 250ml, 10\uac1c", "item_link": "/vp/products/1164405991?itemId=2141504297&vendorItemId=70139879562", "item_price": "7,470"}
{"item_name": "\ud504\ub80c\uce58\uce74\ud398 \uce74\ub77c\uba5c \ub9c8\ud0a4\uc544\ub610 \ucef5\ucee4\ud53c, 200ml, 10\uac1c", "item_link": "/vp/products/88929420?itemId=278017721&vendorItemId=3675570592", "item_price": "7,870"}
{"item_name": "\ud504\ub80c\uce58\uce74\ud398 \uce74\ud478\uce58\ub178 \ucef5\ucee4\ud53c, 200ml, 10\uac1c\uc785", "item_link": "/vp/products/88930319?itemId=278019268&vendorItemId=3675576234", "item_price": "7,800"}
{"item_name": "\uc6f0\ub358\ucee4\ud53c \ub354\uce58\ucee4\ud53c \uc120\ubb3c\uc138\ud2b8, \ube0c\ub77c\uc9c8 \uc0b0\ud1a0\uc2a4 + \ucf5c\ub86c\ube44\uc544 \uc288\ud504\ub9ac\ubaa8 + \uc5d0\ub514\uc624\ud53c\uc544 \uc608\uac00\uccb4\ud504, 1\uc138\ud2b8", "item_link": "/vp/products/104129581?itemId=315935520&vendorItemId=3775988450", "item_price": "16,200"}
{"item_name": "\ub124\uc2a4\uce74\ud398 \uc218\ud504\ub9ac\ubaa8 \uc544\uba54\ub9ac\uce74\ub178, 1.1g, 100\uac1c", "item_link": "/vp/products/2530220?itemId=1943880&vendorItemId=3000249426", "item_price": "9,840"}
{"item_name": "\ub9e4\ub2c8 \ud5e4\uc774\uc990\ub11b \ucee4\ud53c227g many\ucee4\ud53c \uc778\uc2a4\ud134\ud2b8\ucee4\ud53c, 1\ubd09, 227g", "item_link": "/vp/products/1825095525?itemId=3105502777&vendorItemId=71161119524", "item_price": "6,200"}
{"item_name": "\ud22c\uc378\ud50c\ub808\uc774\uc2a4 \uc5d0\uc774\ub9ac\uc2a4\ud2b8 \uc2a4\ud2f1 \ucee4\ud53c \ub2e4\ud06c \ube14\ub80c\ub4dc, 1.1g, 30\uac1c\uc785", "item_link": "/vp/products/45491664?itemId=162581606&vendorItemId=3383823552", "item_price": "6,140"}
{"item_name": "\ub8e8\uce74\uc2a4\ub098\uc778 \uc2dc\uadf8\ub2c8\ucc98 \ub77c\ub5bc, 14.9g, 50\uac1c", "item_link": "/vp/products/14924420?itemId=61457712&vendorItemId=3122128149", "item_price": "10,750"}
{"item_name": "\uc544\uce74\ud398\ub77c \uc0ac\uc774\uc988\uc5c5 \uc544\uba54\ub9ac\uce74\ub178, 350ml, 4\uac1c", "item_link": "/vp/products/129241297?itemId=380699727&vendorItemId=3922486373", "item_price": "4,490"}
{"item_name": "\uc7c8\ub385 \uc2dc\uadf8\ub2c8\ucc98 \uc544\uba54\ub9ac\uce74\ub178 \uc2a4\uc704\ud2b8 \ucee4\ud53c, 1.1L, 6\uac1c\uc785", "item_link": "/vp/products/1795771464?itemId=3055064126&vendorItemId=71043064291", "item_price": "12,290"}
item_link,item_name,item_price
/vp/products/6683338?itemId=401944&vendorItemId=71030128009,"맥심 모카골드 마일드 커피믹스, 12g, 160개","16,560"
/vp/products/222491219?itemId=697494678&vendorItemId=4781550652,"스타벅스 대용량 카페 라떼, 270ml, 10개","16,440"
/vp/products/186389921?itemId=532901881&vendorItemId=4388707114&pickType=COU_PICK,"곰곰 쓰지않고 부드러운 아메리카노 다크로스트, 1g, 100개입","9,720"
/vp/products/13577631?itemId=56661035&vendorItemId=3007019731,"G7 블랙 퓨어블랙 인스턴트커피, 2g, 100개","7,430"
/vp/products/1111686093?itemId=2075095532&vendorItemId=70074216188,"곰곰 헤이즐넛아메리카노 원두커피믹스, 1g, 100개입","9,170"
/vp/products/1786711232?itemId=3042075337&vendorItemId=71030128057,"맥심 화이트 골드 커피믹스, 11.7g, 160개","15,880"
/vp/products/982252?itemId=391833&vendorItemId=3000300361,"비니스트 오리지널 아메리카노 원두커피믹스, 1g, 130개","16,240"
/vp/products/88929442?itemId=278017749&vendorItemId=3675570678,"프렌치카페 카페오레, 200ml, 10개","7,860"
/vp/products/1301524802?itemId=2315369893&vendorItemId=70312101164,"아카페라 바닐라라떼, 240ml, 20개","13,020"
/vp/products/1111686111?itemId=2075095549&vendorItemId=70074216195,"곰곰 달지않은 카페라떼 시그니처, 15g, 50개입","9,780"
/vp/products/179792576?itemId=514871878&vendorItemId=4326010075,"카누 미니 마일드 로스트 아메리카노, 0.9g, 90개","14,010"
/vp/products/2758504?itemId=60071&vendorItemId=3000025309,"프렌치카페 카페믹스, 10.9g, 100개","8,140"
/vp/products/284752870?itemId=903706392&vendorItemId=5264393181,"매일유업 바리스타룰스 싱글오리진 코스타리카 커피, 330ml, 12개","11,800"
/vp/products/222174821?itemId=695657695&vendorItemId=4778260987,"쟈뎅 시그니처 로얄 헤이즐넛 커피음료, 1.1L, 6개","12,290"
/vp/products/175304810?itemId=501122702&vendorItemId=4278242265,"프렌치카페 카페믹스, 10.9g, 210개","15,590"
/vp/products/49857683?itemId=175923412&vendorItemId=3420650781,"프렌치카페 로스터리 옐로우 버번 돌체 라떼, 250ml, 10개","9,110"
/vp/products/237893988?itemId=753636469&vendorItemId=3000249420,"네스카페 수프리모 리필 커피, 1개","5,490"
/vp/products/189263141?itemId=40080626&vendorItemId=3063641674,"쟈뎅 로얄 헤이즐넛 콜롬비아 수프리모 커피, 1g, 100개","9,760"
/vp/products/1384158659?itemId=2418851396&vendorItemId=70413056523,"커피가 생각날땐 시바 아메리카노, 350ml, 8병","8,910"
/vp/products/129241611?itemId=380700347&vendorItemId=3922488619,"핸디엄 냉장 콜드브루 커피원액 케냐, 500ml, 1개","9,710"
/vp/products/2731387?itemId=159706690&vendorItemId=3375395073,"레쓰비 마일드 커피, 160ml, 30개입","9,050"
/vp/products/189670272?itemId=541762067&vendorItemId=4417396947,"맥심 모카골드 마일드 커피믹스 12g x 320p + 화이트골드 커피믹스 11.7g x 20p, 1세트","36,200"
/vp/products/2530221?itemId=665929912&vendorItemId=4721472206,"네스카페 수프리모 오리지날, 11.7g, 110개","9,800"
/vp/products/1238155974?itemId=2233667504&vendorItemId=70231094572,"맥심 TOP 트리플 에스프레소 라떼, 300ml, 10개","11,910"
/vp/products/1301524764?itemId=2315369851&vendorItemId=70312101134,"아카페라 카페라떼, 240ml, 20개","13,360"
/vp/products/1164406055?itemId=2141504421&vendorItemId=70139879649,"빙그레 오늘의 커피 바닐라라떼, 250ml, 10개","7,470"
/vp/products/1956119?itemId=852960&vendorItemId=70964945138,"맥심 모카골드 커피믹스 210티백, 12g, 210스틱","22,000"
/vp/products/2283870?itemId=106641&vendorItemId=3000052495,"쟈뎅 까페모리 프렌치바닐라 라떼 커피믹스, 12g, 60개","9,050"
/vp/products/3369230?itemId=5695408&vendorItemId=3009624111,"네스카페 신선한 모카 커피믹스, 11.7g, 110개입","8,500"
/vp/products/324633197?itemId=930780&vendorItemId=3000841963,"비니스트 오리지널 아메리카노 원두커피믹스, 1g, 180개","19,960"
/vp/products/24229729?itemId=94361183&vendorItemId=4533691688,"맥심 아이스 커피믹스 + 추가구성 랜덤 발송, 13g, 100개","16,440"
/vp/products/216531617?itemId=59406660&vendorItemId=3093045493,"카페베네 마노 아프리카 마일드, 0.9g, 100개입","9,580"
/vp/products/298260384?itemId=939204639&vendorItemId=5324387729,"바리스타룰스 마다가스카르 바닐라빈 라떼, 325ml, 10개","14,470"
/vp/products/32538272?itemId=122627897&vendorItemId=3248895685,"맥심 티오피 심플리 스무스 라떼, 240ml, 20개입","15,370"
/vp/products/1692652359?itemId=2881939781&vendorItemId=70871051865,"푸르밀 카페베네 블랙아이스 아메리카노, 1000ml, 2개","3,780"
/vp/products/175304810?itemId=2569109922&vendorItemId=70561488641,"프렌치카페 카페믹스, 10.9g, 330개","23,780"
/vp/products/1570286560?itemId=2685169253&vendorItemId=70675659338,"맥심 티오피 마스터 라떼, 275ml, 24개","20,160"
/vp/products/24677757?itemId=95983620&vendorItemId=3172610536,"프렌치카페 로스터리 에스프레소 라떼, 250ml, 10개","10,550"
/vp/products/1076965455?itemId=2027583448&vendorItemId=4678396234,"맥심 모카골드 마일드 커피믹스 220T (210T+10T), 12g, 220개","24,300"
/vp/products/189677741?itemId=142587774&vendorItemId=3000249396,"네스카페 크레마 아메리카노, 1g, 130개입","12,850"
/vp/products/71854216?itemId=239547420&vendorItemId=3589848699,"쟈뎅 시그니쳐 로얄 헤이즐넛, 230ml, 10개입","5,310"
/vp/products/1609853390?itemId=2749395743&vendorItemId=70739361461,"커피빈 헤이즐넛 라떼 파우치 커피, 190ml, 10개","13,350"
/vp/products/98392669?itemId=301837005&vendorItemId=4413516435,"쟈뎅 시그니처 아메리카노 블랙, 1.1L, 6개입","12,830"
/vp/products/2334746?itemId=10734062&vendorItemId=3000700468,"탐앤탐스 에티오피아 예가체프 드립커피, 8g, 36개","14,130"
/vp/products/186389921?itemId=537419975&vendorItemId=4403328638,"곰곰 쓰지않고 부드러운 아메리카노 다크로스트, 1g, 180개입","14,020"
/vp/products/347551?itemId=340842&vendorItemId=3000249419,"네스카페 수프리모 90g, 1개","5,990"
/vp/products/88929409?itemId=278017710&vendorItemId=3675570512,"프렌치카페 벨벳 비엔나 모카 컵커피, 200ml, 10개","7,800"
/vp/products/175304810?itemId=501122696&vendorItemId=4278242244,"프렌치카페 카페믹스, 10.9g, 120개","9,510"
/vp/products/1142407745?itemId=2113764192&vendorItemId=70112411824,"폴바셋 콜드브루 시그니처블렌드, 450ml, 1개","13,630"
/vp/products/14924420?itemId=61457712&vendorItemId=3122128149,"루카스나인 시그니처 라떼, 14.9g, 50개","10,750"
/vp/products/2311228?itemId=1043455&vendorItemId=3001027675,"네스카페 마일드 커피믹스, 11g, 180개","13,950"
/vp/products/1218187234?itemId=2208337505&vendorItemId=70440976248,"카페베네 컵 커피 카페라떼10컵+카페모카10컵, 20개, 200ml","13,800"
/vp/products/45491664?itemId=162581606&vendorItemId=3383823552,"투썸플레이스 에이리스트 스틱 커피 다크 블렌드, 1.1g, 30개입","6,140"
/vp/products/189670271?itemId=541762066&vendorItemId=4417396945,"맥심 화이트골드 커피믹스 11.7g x 320p + 모카골드 마일드 커피믹스 12g x 20p, 1세트","33,900"
/vp/products/200988433?itemId=161014778&vendorItemId=3379367457,"투썸플레이스 스틱 커피 다크 블렌드, 1.1g, 150개","21,500"
/vp/products/129241330?itemId=380699773&vendorItemId=3922486514,"아카페라 사이즈업 카페라떼, 350ml, 4개","4,610"
/vp/products/3540497?itemId=16843448&vendorItemId=3025120220,"리틀스 스위스초콜릿향 커피, 50g, 1개","8,900"
/vp/products/1152620843?itemId=2127385196&vendorItemId=70125948538,"칸타타 콘트라베이스 콜드브루 스위트블랙, 500ml, 24개","25,230"
/vp/products/1301524755?itemId=2315369843&vendorItemId=70312101119,"아카페라 카라멜마끼아또, 240ml, 20개","14,190"
/vp/products/61181709?itemId=209782943&vendorItemId=3497393821,"G7 블랙 커피 믹스, 400g, 1개","12,980"
/vp/products/6916421?itemId=2685169112&vendorItemId=70675659152,"맥심 티오피 더 블랙, 275ml, 24개","20,500"
/vp/products/88929420?itemId=278017721&vendorItemId=3675570592,"프렌치카페 카라멜 마키아또 컵커피, 200ml, 10개","7,870"
/vp/products/19275072?itemId=203928197&vendorItemId=3000047728,"G7 3in1 커피믹스, 16g, 100개","11,330"
/vp/products/186489?itemId=480480827&vendorItemId=4504136268,"네스카페 수프리모 원두커피믹스, 11.7g, 300개","25,900"
/vp/products/324117695?itemId=127261422&vendorItemId=70768145529,"맥심 화이트 골드 커피믹스, 11.7g, 210개","23,700"
/vp/products/88930319?itemId=278019268&vendorItemId=3675576234,"프렌치카페 카푸치노 컵커피, 200ml, 10개입","7,800"
/vp/products/1516124930?itemId=2602020948&vendorItemId=70593179671,"아카페라 스페셜티 에티오피아 예가체프 커피음료, 460ml, 4개입","7,860"
/vp/products/1164405991?itemId=2141504297&vendorItemId=70139879562,"빙그레 오늘의 커피 카페라떼, 250ml, 10개","7,470"
/vp/products/130924213?itemId=847502340&vendorItemId=5154927733,"칸타타 콘트라베이스 콜드브루 블랙, 500ml, 24개","25,620"
/vp/products/327144779?itemId=1046774254&vendorItemId=70426044303,"맥심 모카골드400T 일반커피믹스, 4800g, 1개","11,800"
/vp/products/19085946?itemId=76606549&vendorItemId=4743581988,"맥심 모카골드 마일드 커피믹스, 12g, 100개입","13,400"
/vp/products/2530220?itemId=1943880&vendorItemId=3000249426,"네스카페 수프리모 아메리카노, 1.1g, 100개","9,840"
